metric,index,values
loss_outer,0,"[ 1.18326175e+00  7.03216851e-01  4.39140379e-01  3.70978832e-01
  2.23180652e-01  1.18993096e-01  1.76182985e-01  2.07153976e-01
 -9.17676166e-02  1.89960718e-01 -8.85488033e-01 -5.53678989e-01
 -1.48718404e-02 -9.81967211e-01 -2.78806925e-01 -3.56526566e+00
 -2.38310695e+00 -3.05856895e+00 -4.13717747e+00 -3.30595732e+00
 -8.39626694e+00 -1.45394878e+01  4.64086495e-02 -5.80967855e+00
 -4.50367546e+00 -8.16003799e-01 -1.02418823e+01 -1.07388687e+01
 -1.64157200e+01 -2.41088486e+00 -5.10501899e-02 -7.45689487e+00
 -9.20120430e+00  1.32638931e+00 -5.96583557e+00 -4.35255127e+01
 -2.21048889e+01 -4.15301476e+01 -6.36697884e+01 -5.62404919e+00
 -1.02318802e+01 -1.01695938e+01 -2.15329266e+00 -1.19839668e+01
 -2.35720310e+01 -2.78032398e+01 -3.17816315e+01 -2.97224655e+01
 -2.89026566e+01 -6.49442291e+01]"
loss_outer,1,"[ 1.04183280e+00  6.55166268e-01  5.08586168e-01  3.83992851e-01
  2.69464672e-01  4.14100438e-01 -1.02555282e-01  6.33963868e-02
  2.05960572e-01  2.46793151e-01  1.29249334e-01 -8.51077437e-01
 -4.01811004e-01 -1.90475988e+00 -2.44595504e+00  2.60362569e-02
 -7.87072182e+00 -3.96909237e+00 -1.30365801e+00 -2.61467171e+00
 -1.51463890e+00 -7.78236771e+00 -2.84983110e+00 -8.17675018e+00
 -9.90736008e+00 -5.91157627e+00 -1.01009197e+01 -8.21504784e+00
 -5.27469635e-01 -9.15114880e+00 -1.83667450e+01 -3.06984234e+01
 -3.72153587e+01 -2.01778107e+01 -1.73749409e+01 -2.76535034e+01
 -1.62091064e+01 -4.43515091e+01  1.04309723e+02  1.18600655e+01
 -3.63654900e+01 -2.24068871e+01 -3.66407852e+01 -1.64128151e+01
 -7.83697662e+01 -4.76073761e+01 -1.23554016e+02 -7.47177277e+01
 -8.22325287e+01 -7.14126740e+01]"
loss_outer,2,"[  1.2451005    0.60541481   0.23122948   0.17359811   0.03833341
   0.13005632  -0.07793797  -0.34249526  -0.27158976   0.18419498
  -1.07083094   1.09241998  -2.05079103  -2.17366338  -6.12729788
  -3.67197776  -8.59328842  -1.32767797  -3.34351206   1.79407072
  -7.02390766  -7.65941715 -14.66652012  -8.56497478  -5.74076271
 -12.78828144 -26.17647934 -16.15517235  -9.03399849 -19.52241135
 -11.36648655 -12.27053642 -23.4068985  -23.93362236   2.65694427
   2.12999296   1.58139527   0.98596168   0.79039025   0.31853449
  -0.45613956   0.6903733   -0.19167435  -0.12427474  -3.53462815
  -0.46291137   1.65217912   1.30638242   1.64477015  -0.21332264]"
loss_outer,3,"[ 9.89191413e-01  4.99669194e-01  4.77514803e-01  2.23740578e-01
  1.64362848e-01  9.64585468e-02 -4.02876854e-01 -1.57670379e-01
 -4.16713238e-01 -8.69960904e-01  4.62744199e-02 -7.18497872e-01
 -9.18257236e-01 -6.41075373e-01  1.86974299e+00 -5.30176163e-01
 -8.95758629e-01 -2.24145412e-01  1.21078445e-02  3.32961607e+00
 -2.21591568e+00 -1.27033997e+00 -9.85896873e+00 -1.42098832e+00
 -3.54929018e+00 -9.93745804e+00 -2.20416641e+00 -7.90951729e+00
  3.83507729e-01  3.56602669e-01 -1.35554600e+01 -5.77859879e-01
 -3.86954041e+01 -2.04854012e+01 -8.98718834e+00 -1.18040276e+01
 -4.74203758e+01 -3.66019707e+01  6.79713440e+02  8.00019531e+01
 -2.57272949e+01 -8.39125366e+01 -9.91560211e+01 -4.30823822e+01
 -7.64701843e+01 -2.43707565e+02 -2.09407440e+02 -2.98409363e+02
 -3.90645111e+02 -6.53627014e+02]"
loss_outer,4,"[ 1.10061359e+00  6.37872577e-01  4.51998234e-01  2.91561428e-02
  3.26500058e-01 -1.36840940e-01  2.24959794e-02 -3.37082744e-01
 -7.81609416e-01 -7.59329081e-01 -6.60048902e-01 -1.38918090e+00
 -7.76564181e-01 -2.70922303e+00 -1.84402251e+00  8.98737833e-02
 -3.25400448e+00 -3.94422460e+00 -5.73089695e+00 -1.62843494e+01
 -1.25717592e+01  1.49625759e+01 -7.63679600e+00 -3.45058322e-01
 -6.31106186e+00 -3.31791949e+00 -3.40693855e+00 -1.08161077e+01
 -1.44979162e+01 -9.96927834e+00 -1.64361458e+01 -2.09950676e+01
 -2.62881088e+01 -3.68347740e+01 -1.56672382e+01 -1.05992870e+01
 -2.23066521e+01 -6.23190384e+01 -4.28641548e+01 -3.41585388e+01
 -3.90919876e+01 -1.86062145e+00 -3.06980801e+00 -5.90850353e+00
 -1.58164883e+01 -1.29697781e+01 -1.28934441e+01 -4.59020157e+01
 -6.10906296e+01 -5.42121048e+01]"
loss_outer,5,"[ 1.15003586e+00  7.29651332e-01  3.61536264e-01  3.84194553e-01
  2.29983509e-01  1.11670010e-01  1.57853186e-01 -2.62463927e-01
 -1.49286211e-01 -1.34874629e-02 -5.26248872e-01 -1.86380863e+00
 -1.69513285e+00 -1.77169526e+00 -3.49754810e+00 -2.60066891e+00
 -1.51730061e+00 -4.65257931e+00 -4.56290627e+00 -9.64291382e+00
 -1.16463747e+01 -1.14439392e+01 -1.02961826e+01 -8.84540272e+00
 -4.03903580e+00 -7.05443239e+00 -1.87186317e+01 -2.68393364e+01
 -4.15836258e+01 -3.07322464e+01  9.40776920e+00  1.65794468e+00
  2.07610202e+00 -2.64278889e+00 -2.04099274e+00 -3.84053564e+00
 -8.04836369e+00 -1.03829546e+01 -6.31916809e+00 -3.30195427e+00
 -2.10227375e+01 -2.48695889e+01 -5.71008072e+01 -4.85721931e+01
 -8.25032578e+01 -3.43415718e+01 -5.64122124e+01 -1.45979584e+02
 -2.17007965e+02 -3.37575745e+02]"
loss_outer,6,"[  1.016343     0.6265381    0.37230682   0.51286381   0.31018376
   0.3229593    0.38444668   0.70168459  -0.47892857   0.27459025
  -0.90435612  -0.36509061  -0.25913548  -2.60745072  -1.28589988
  -0.88154912  -2.24981403  -4.44699526  -2.9503777   -6.38068867
  -3.42526197 -13.48595238  -1.76918364  -2.76529503 -11.00465107
  -5.36515141  -7.80964279  -8.29953671   0.18935776   2.78377008
   1.20406902   0.70762908   0.43685579   0.60155451   0.26415038
  -0.04736841   0.30117655  -0.78891802  -0.46265054  -1.14186049
  -0.81942677  -3.03576493   0.69691229  -1.99310541  -0.04655743
   4.85922623  -3.60673141   7.0963459    3.64373589 -15.97572327]"
loss_outer,7,"[ 8.90498638e-01  6.81174159e-01  3.87417376e-01  4.29808944e-01
  1.81351423e-01 -7.58547857e-02  2.23592043e-01 -2.73092449e-01
 -5.71317710e-02  5.87501489e-02 -8.18761408e-01 -1.43453121e-01
 -1.14810693e+00 -7.76627541e-01 -4.56273270e+00 -1.04869223e+00
 -1.32936502e+00 -3.11363077e+00 -2.75270391e+00 -1.86394477e+00
 -1.80094552e+00 -9.00100422e+00 -2.32351933e+01 -1.18048515e+01
 -1.81012249e+00 -1.59378233e+01 -2.15955257e+00 -1.24324226e+01
 -2.11054745e+01 -2.00607815e+01 -3.41245079e+01 -1.15450363e+01
 -2.42231407e+01 -2.63862610e-01 -1.56825018e+00 -3.98011994e+00
 -5.53031111e+00 -5.61327600e+00 -3.09846973e+00 -1.59844303e+00
 -1.57733078e+01 -1.83837070e+01 -1.85590534e+01 -1.04554005e+01
 -3.85553017e+01 -4.15466805e+01 -6.03749466e+01 -3.81055756e+01
 -6.57693176e+01  2.75100067e+02]"
loss_outer,8,"[ 9.91262913e-01  7.31385112e-01  4.42066669e-01 -1.70500636e-01
 -1.97809696e-01  3.82620215e-01 -9.27292183e-02  8.26580450e-02
 -4.01772141e-01 -2.85389423e-01 -7.65084028e-01 -4.01094437e-01
 -6.06651664e-01 -1.67260981e+00  1.04795448e-01  2.77035737e+00
 -6.97885227e+00 -3.02506208e+00 -1.00224590e+01 -1.00525618e+01
  1.30080497e+00 -5.58541656e-01 -4.05944586e-01 -4.00772572e-01
 -3.63476610e+00 -5.33323765e+00 -8.14717388e+00 -6.19797230e+00
 -1.34396391e+01 -1.97864647e+01 -2.81828995e+01 -3.21700974e+01
 -7.54843330e+00  1.91474365e+02  1.24294472e+00 -4.48546410e-01
  2.57600689e+00  6.35081291e-01 -6.33249378e+00 -2.44508553e+00
  3.93916130e+00  1.31703186e+00 -3.07964916e+01 -3.01906929e+01
 -2.21519470e-01 -4.66379471e+01  1.16314926e+01 -3.86802673e-01
 -8.71788025e+01  3.80449219e+01]"
loss_outer,9,"[  1.26622736   0.69577235   0.34175283   0.35452878   0.1957866
   0.18501025   0.1619224   -0.18853509   0.80168456  -0.42598563
  -2.17341709   0.15054679  -1.50034893  -0.99747634  -2.64958358
  -0.68453825  -0.04219032  -8.67115402  -8.37670135   0.34247255
  -6.09287548  -8.9725132  -15.00436783  -2.21433878  -7.11624527
  -8.21890545  -9.77923107 -11.48769283 -11.32199001  -6.26272011
   2.35923243   0.9779501    0.4512279    0.53199518  -0.51050937
  -0.04776979  -0.06271327  -0.72834158  -2.10080862  -1.48967934
  -2.01974535  -3.46960902  -0.80636477  -8.47334671  -5.51784086
  -3.89587402  -3.3428688  -10.57066345 -15.78430557 -21.49716377]"
train_acc_outer,0,"[0.71773446 0.78365833 0.82544106 0.84401113 0.85793871 0.8551532
 0.84401113 0.82172704 0.79665738 0.76415968 0.73259056 0.72144848
 0.7075209  0.67130917 0.67038071 0.62674093 0.60167134 0.63788301
 0.6174559  0.59888577 0.56545961 0.55431753 0.61281335 0.60352832
 0.57288766 0.50046426 0.49767873 0.5125348  0.52181989 0.53203344
 0.53481895 0.50417829 0.49396473 0.45961002 0.49489322 0.44939646
 0.44753945 0.46796659 0.46889508 0.4911792  0.49489322 0.51439184
 0.49860725 0.48282266 0.43082637 0.47353759 0.46146703 0.46239555
 0.46889508 0.48189417]"
train_acc_outer,1,"[0.70659238 0.76694524 0.80687094 0.81894153 0.8375116  0.8375116
 0.81151348 0.79851437 0.76880223 0.73166203 0.69452184 0.64252555
 0.66573817 0.63881153 0.62395543 0.61095637 0.55246055 0.54688948
 0.56638813 0.54688948 0.55338907 0.49953574 0.57010216 0.51903433
 0.52089137 0.49489322 0.51624882 0.49396473 0.51810586 0.47075209
 0.49025071 0.48189417 0.49767873 0.52089137 0.5273909  0.48932219
 0.48653668 0.50324976 0.14113277 0.45403901 0.49953574 0.52553391
 0.49953574 0.49675024 0.46332404 0.44846797 0.47446612 0.44011143
 0.49767873 0.44196844]"
train_acc_outer,2,"[0.71587741 0.77344477 0.81337047 0.82079852 0.82915509 0.80872792
 0.78180128 0.76601672 0.76137418 0.74651814 0.68430829 0.67316622
 0.62116992 0.61559886 0.51810586 0.60909933 0.55710304 0.58310121
 0.57567316 0.55153203 0.53110492 0.53667593 0.52367687 0.51996285
 0.51439184 0.51532036 0.54688948 0.44661096 0.51160634 0.4698236
 0.51346332 0.50232124 0.46425256 0.50417829 0.13277623 0.3286908
 0.44011143 0.58217269 0.60445684 0.63138348 0.68709379 0.71680593
 0.72794801 0.68337977 0.67409474 0.70194983 0.66573817 0.6499536
 0.59145772 0.54038996]"
train_acc_outer,3,"[0.70937788 0.7650882  0.80965644 0.82079852 0.83844012 0.81894153
 0.79201484 0.79944289 0.77065927 0.73723304 0.70380688 0.67688024
 0.62859797 0.64066851 0.63138348 0.58217269 0.58031571 0.55338907
 0.53574747 0.56174558 0.52553391 0.5301764  0.47818014 0.53760445
 0.51160634 0.45961002 0.48003715 0.49396473 0.45125347 0.47632313
 0.47353759 0.50139278 0.48282266 0.48189417 0.45403901 0.41225627
 0.39461467 0.44661096 0.08820798 0.46796659 0.47539461 0.49025071
 0.47539461 0.45311049 0.44196844 0.42061281 0.37325907 0.40389973
 0.42525533 0.4011142 ]"
train_acc_outer,4,"[0.76601672 0.78737235 0.82822657 0.82915509 0.81244195 0.81151348
 0.81244195 0.78830081 0.77437323 0.76044565 0.74930364 0.722377
 0.70844942 0.69823587 0.66388112 0.65923864 0.64809656 0.60817087
 0.55803156 0.58588672 0.57288766 0.50974929 0.59424329 0.62302691
 0.56917363 0.56638813 0.54317546 0.52553391 0.50417829 0.51996285
 0.50510681 0.50974929 0.48467967 0.53667593 0.4911792  0.48746517
 0.46239555 0.50974929 0.47446612 0.49675024 0.47818014 0.48003715
 0.47353759 0.48375115 0.48560816 0.45682451 0.42061281 0.46425256
 0.42432684 0.47168058]"
train_acc_outer,5,"[0.75766015 0.80872792 0.84401113 0.85793871 0.8495822  0.8402971
 0.80779946 0.78830081 0.7650882  0.74930364 0.72609097 0.69730735
 0.68709379 0.66109562 0.6146704  0.62859797 0.61002785 0.59145772
 0.56267411 0.59888577 0.55338907 0.51067781 0.52274835 0.53760445
 0.54874653 0.4911792  0.53574747 0.50696379 0.53481895 0.48375115
 0.35097492 0.56638813 0.55896008 0.53110492 0.51996285 0.48746517
 0.45682451 0.39090064 0.43825442 0.39182916 0.41039926 0.39554319
 0.39925718 0.38811514 0.36304548 0.42525533 0.33890435 0.37604457
 0.42525533 0.39275765]"
train_acc_outer,6,"[0.69637883 0.7623027  0.81522751 0.84215415 0.85051066 0.85051066
 0.81801301 0.7975859  0.7678737  0.74651814 0.70659238 0.70380688
 0.6898793  0.68430829 0.64345402 0.60817087 0.60817087 0.55803156
 0.58310121 0.53481895 0.53481895 0.51810586 0.54317546 0.51996285
 0.48189417 0.49675024 0.53110492 0.49396473 0.51067781 0.24141133
 0.51810586 0.61652738 0.68430829 0.70287836 0.70566386 0.70009285
 0.66388112 0.61931288 0.64159703 0.60445684 0.60445684 0.57938719
 0.55338907 0.54131848 0.51160634 0.49489322 0.45961002 0.52089137
 0.48467967 0.49860725]"
train_acc_outer,7,"[0.68616527 0.75394613 0.78922933 0.83194059 0.8402971  0.82358402
 0.82915509 0.81151348 0.78830081 0.7623027  0.7474466  0.73351902
 0.71216339 0.6926648  0.67316622 0.65273911 0.64809656 0.62952644
 0.61559886 0.62116992 0.56638813 0.58310121 0.54410398 0.53946149
 0.59145772 0.50789231 0.56731659 0.52181989 0.51996285 0.52089137
 0.50789231 0.51160634 0.49489322 0.52089137 0.53296191 0.52460539
 0.48003715 0.52924794 0.49582171 0.53296191 0.49767873 0.48653668
 0.48282266 0.52460539 0.45589602 0.46146703 0.45775303 0.48467967
 0.46239555 0.08727948]"
train_acc_outer,8,"[0.70937788 0.79944289 0.82451254 0.81708449 0.8347261  0.82636952
 0.80501395 0.77530175 0.74651814 0.72330546 0.71123493 0.68152273
 0.64252555 0.65923864 0.6146704  0.61374187 0.62302691 0.57938719
 0.56638813 0.57845867 0.54688948 0.58867222 0.61281335 0.59702879
 0.56267411 0.54038996 0.54131848 0.52646238 0.4698236  0.48560816
 0.52181989 0.48189417 0.47910863 0.1262767  0.49767873 0.53110492
 0.51624882 0.46796659 0.46796659 0.45682451 0.43454039 0.46425256
 0.42989787 0.41318476 0.47539461 0.42061281 0.41225627 0.3974002
 0.39925718 0.40482822]"
train_acc_outer,9,"[0.77623028 0.79665738 0.82544106 0.83008355 0.8402971  0.83008355
 0.78922933 0.7799443  0.76694524 0.73630452 0.69823587 0.70566386
 0.67038071 0.68895078 0.6053853  0.64902508 0.61002785 0.60352832
 0.57845867 0.55710304 0.52646238 0.54967505 0.56081706 0.55896008
 0.53296191 0.50046426 0.53203344 0.50603527 0.48653668 0.50974929
 0.1624884  0.48003715 0.65645313 0.69080782 0.71773446 0.69823587
 0.69080782 0.66945219 0.632312   0.61374187 0.63788301 0.61374187
 0.58031571 0.56174558 0.58310121 0.55896008 0.58310121 0.54410398
 0.55338907 0.48560816]"
val_acc_outer,0,"[0.76111114 0.84444445 0.90833336 0.94166666 0.95555556 0.96111113
 0.96388888 0.96388888 0.95555556 0.94166666 0.91666669 0.92777777
 0.92777777 0.88333333 0.90555555 0.87222224 0.80833334 0.89722222
 0.88333333 0.80000001 0.7972222  0.76944447 0.85555553 0.86944443
 0.78611112 0.70555556 0.72500002 0.74166667 0.75555557 0.78333336
 0.82499999 0.77777779 0.73333335 0.68611109 0.75833333 0.71944445
 0.65833336 0.68333334 0.75       0.72500002 0.72222221 0.78611112
 0.78611112 0.73333335 0.64999998 0.73888886 0.73888886 0.69722223
 0.68888891 0.75277776]"
val_acc_outer,1,"[0.78333336 0.83611113 0.8888889  0.91944444 0.94444442 0.96666664
 0.97222221 0.97222221 0.96388888 0.94722223 0.93055558 0.8888889
 0.91666669 0.86944443 0.875      0.87222224 0.7972222  0.85000002
 0.8277778  0.81388891 0.83333331 0.76666665 0.84722221 0.79166669
 0.7972222  0.76666665 0.78611112 0.75       0.78888887 0.75833333
 0.70833331 0.7361111  0.77222222 0.78333336 0.77222222 0.73888886
 0.74722224 0.71388888 0.17777778 0.60277778 0.74166667 0.77222222
 0.73888886 0.76944447 0.76666665 0.71388888 0.77222222 0.75833333
 0.81944442 0.73888886]"
val_acc_outer,2,"[0.76666665 0.85000002 0.89166665 0.91388887 0.9527778  0.95833331
 0.94166666 0.94444442 0.93611109 0.93888891 0.88055557 0.90555555
 0.86388886 0.89166665 0.71666664 0.84722221 0.76666665 0.87222224
 0.84166664 0.83333331 0.78888887 0.77499998 0.77499998 0.78611112
 0.7361111  0.72500002 0.76666665 0.69722223 0.7361111  0.69722223
 0.7638889  0.77499998 0.69722223 0.73888886 0.18055555 0.34999999
 0.50277776 0.66111112 0.69444442 0.72777778 0.79444444 0.82499999
 0.85277778 0.84722221 0.84166664 0.86388886 0.875      0.86944443
 0.78333336 0.70833331]"
val_acc_outer,3,"[0.73888886 0.81944442 0.88333333 0.92500001 0.95555556 0.94999999
 0.94444442 0.95555556 0.9527778  0.94999999 0.92777777 0.91944444
 0.85555553 0.89444447 0.88055557 0.80833334 0.87222224 0.80833334
 0.76944447 0.8277778  0.7972222  0.81666666 0.7361111  0.78055555
 0.79166669 0.72777778 0.79166669 0.80277777 0.74722224 0.80833334
 0.72777778 0.75555557 0.7361111  0.75277776 0.72500002 0.68611109
 0.6388889  0.71944445 0.08888889 0.60277778 0.72222221 0.72777778
 0.73055553 0.71944445 0.75       0.71388888 0.62777776 0.69999999
 0.7361111  0.71111113]"
val_acc_outer,4,"[0.81666666 0.84166664 0.8888889  0.91944444 0.94722223 0.94444442
 0.96944445 0.9527778  0.94166666 0.93055558 0.93333334 0.91388887
 0.90833336 0.9222222  0.86388886 0.91666669 0.91111112 0.85277778
 0.78888887 0.84444445 0.83055556 0.6722222  0.80555558 0.90833336
 0.83611113 0.83055556 0.77499998 0.78888887 0.80277777 0.78888887
 0.75277776 0.73333335 0.69722223 0.71111113 0.74722224 0.74722224
 0.69722223 0.76666665 0.72500002 0.75       0.75833333 0.72222221
 0.71111113 0.75833333 0.79444444 0.70833331 0.68611109 0.69722223
 0.6388889  0.73333335]"
val_acc_outer,5,"[0.79166669 0.87777776 0.91388887 0.9527778  0.95833331 0.95555556
 0.94999999 0.9527778  0.94722223 0.9527778  0.92777777 0.89444447
 0.89166665 0.86666667 0.85000002 0.84444445 0.85000002 0.86388886
 0.80277777 0.85277778 0.78888887 0.73333335 0.76666665 0.81388891
 0.81111109 0.74444443 0.79444444 0.72500002 0.78055555 0.73055553
 0.44166666 0.74444443 0.80000001 0.81111109 0.78333336 0.80555558
 0.7638889  0.70555556 0.78611112 0.7027778  0.74166667 0.70555556
 0.66944444 0.64722222 0.60555553 0.70833331 0.61666667 0.71111113
 0.69444442 0.64722222]"
val_acc_outer,6,"[0.74722224 0.81944442 0.89444447 0.94166666 0.9527778  0.96388888
 0.94166666 0.95833331 0.93611109 0.94722223 0.88333333 0.91111112
 0.89999998 0.91944444 0.86388886 0.84444445 0.84166664 0.78333336
 0.82222223 0.75277776 0.79444444 0.76944447 0.81111109 0.76666665
 0.68611109 0.7638889  0.7972222  0.78055555 0.77499998 0.29722223
 0.64999998 0.77777779 0.8611111  0.88611114 0.89166665 0.9222222
 0.89722222 0.85555553 0.89166665 0.875      0.86666667 0.83611113
 0.76111114 0.80555558 0.75833333 0.72222221 0.69999999 0.74166667
 0.73055553 0.76111114]"
val_acc_outer,7,"[0.72777778 0.81944442 0.86388886 0.93333334 0.9527778  0.94444442
 0.96944445 0.96388888 0.93888891 0.93888891 0.9222222  0.91944444
 0.90555555 0.89722222 0.84722221 0.89444447 0.88055557 0.85833335
 0.84444445 0.88611114 0.82499999 0.86388886 0.73055553 0.74722224
 0.83888888 0.68055558 0.83333331 0.76111114 0.75       0.77777779
 0.73055553 0.77499998 0.76944447 0.73055553 0.8277778  0.77777779
 0.71666664 0.80555558 0.74444443 0.84444445 0.73333335 0.73888886
 0.72777778 0.80277777 0.70833331 0.75833333 0.69166666 0.73333335
 0.71944445 0.075     ]"
val_acc_outer,8,"[0.74722224 0.85555553 0.89444447 0.90833336 0.94722223 0.97222221
 0.96944445 0.94999999 0.9527778  0.9222222  0.91666669 0.89444447
 0.85833335 0.90833336 0.85833335 0.87777776 0.89999998 0.80000001
 0.79444444 0.81666666 0.73055553 0.84166664 0.88055557 0.88611114
 0.82499999 0.80000001 0.80555558 0.72777778 0.65833336 0.70555556
 0.7638889  0.74722224 0.7361111  0.1388889  0.64722222 0.76111114
 0.80833334 0.75833333 0.78611112 0.77222222 0.75555557 0.79166669
 0.71388888 0.70555556 0.7638889  0.71111113 0.68611109 0.65833336
 0.74166667 0.68611109]"
val_acc_outer,9,"[0.83055556 0.86666667 0.90555555 0.93333334 0.9527778  0.96944445
 0.95833331 0.96666664 0.96111113 0.93333334 0.88333333 0.93055558
 0.91666669 0.91944444 0.86666667 0.91111112 0.84722221 0.84722221
 0.80277777 0.80555558 0.7361111  0.77777779 0.82222223 0.78055555
 0.77777779 0.75277776 0.80277777 0.74722224 0.77222222 0.78611112
 0.16944444 0.60555553 0.80000001 0.88333333 0.90277779 0.90833336
 0.91388887 0.90555555 0.875      0.85833335 0.87777776 0.86388886
 0.82222223 0.78055555 0.84722221 0.84166664 0.85277778 0.81944442
 0.83333331 0.7638889 ]"
test_acc_outer,0,"[0.7361111  0.78888887 0.81944442 0.85000002 0.86666667 0.86944443
 0.86666667 0.85833335 0.81111109 0.79166669 0.7361111  0.7638889
 0.75       0.70833331 0.7027778  0.63333333 0.61944443 0.64722222
 0.6388889  0.59166664 0.57499999 0.56111109 0.60000002 0.60000002
 0.56388891 0.52222222 0.5        0.52777779 0.53055555 0.55277777
 0.56388891 0.51944447 0.51111114 0.48333332 0.48055556 0.44722223
 0.43888888 0.46388888 0.50555557 0.47777778 0.49444443 0.50555557
 0.52499998 0.50555557 0.44444445 0.47222221 0.46388888 0.47777778
 0.49166667 0.49166667]"
test_acc_outer,1,"[0.71666664 0.78888887 0.83333331 0.85833335 0.85833335 0.86666667
 0.85833335 0.83055556 0.82499999 0.77222222 0.73333335 0.68611109
 0.71666664 0.68055558 0.67500001 0.66944444 0.60555553 0.60000002
 0.625      0.59722221 0.61944443 0.56388891 0.60555553 0.53888887
 0.5777778  0.53333336 0.54166669 0.53333336 0.56111109 0.5138889
 0.49722221 0.50833333 0.54166669 0.53611112 0.55555558 0.50833333
 0.50555557 0.52222222 0.13611111 0.42500001 0.51111114 0.52777779
 0.51944447 0.51666665 0.4861111  0.4611111  0.50833333 0.46388888
 0.5138889  0.47499999]"
test_acc_outer,2,"[0.73333335 0.78888887 0.80833334 0.84722221 0.85833335 0.84444445
 0.83611113 0.80277777 0.80833334 0.80833334 0.71944445 0.74444443
 0.68055558 0.7027778  0.5777778  0.65833336 0.59722221 0.65277779
 0.6388889  0.63055557 0.58333331 0.58333331 0.57222223 0.56388891
 0.55555558 0.58611113 0.58611113 0.48888889 0.55555558 0.47777778
 0.52777779 0.55000001 0.51111114 0.52777779 0.15277778 0.35277778
 0.42777777 0.59444445 0.60000002 0.66666669 0.69999999 0.7361111
 0.77499998 0.74722224 0.72777778 0.76944447 0.75       0.72500002
 0.63333333 0.59722221]"
test_acc_outer,3,"[0.69722223 0.77499998 0.81944442 0.84444445 0.85833335 0.84444445
 0.82222223 0.8277778  0.83333331 0.78055555 0.75       0.75
 0.68055558 0.71111113 0.70833331 0.6388889  0.65277779 0.59722221
 0.55000001 0.61388886 0.58055556 0.57499999 0.55000001 0.59444445
 0.58611113 0.53333336 0.54444444 0.5777778  0.52222222 0.55833334
 0.52499998 0.56388891 0.54166669 0.53333336 0.54166669 0.49444443
 0.44444445 0.51666665 0.09444445 0.44444445 0.49722221 0.50555557
 0.49722221 0.47499999 0.43333334 0.43333334 0.39166668 0.41944444
 0.4611111  0.44999999]"
test_acc_outer,4,"[0.78333336 0.81666666 0.83611113 0.84722221 0.84444445 0.85000002
 0.86944443 0.83333331 0.83055556 0.81388891 0.81111109 0.76666665
 0.73333335 0.76666665 0.71388888 0.71666664 0.71388888 0.67777777
 0.61944443 0.63333333 0.61666667 0.55277777 0.6111111  0.64722222
 0.58611113 0.5777778  0.5777778  0.5472222  0.54166669 0.51944447
 0.50833333 0.5        0.51111114 0.55555558 0.49444443 0.48333332
 0.48888889 0.51666665 0.49722221 0.55833334 0.5        0.49444443
 0.51111114 0.5138889  0.53055555 0.46666667 0.46944445 0.4861111
 0.44166666 0.51666665]"
test_acc_outer,5,"[0.76944447 0.83333331 0.85000002 0.88333333 0.88055557 0.875
 0.85000002 0.85277778 0.83055556 0.81666666 0.80000001 0.73333335
 0.75833333 0.73055553 0.68055558 0.69166666 0.6722222  0.6388889
 0.61944443 0.66388887 0.58611113 0.55000001 0.53333336 0.57222223
 0.58333331 0.5138889  0.57499999 0.52222222 0.58611113 0.52222222
 0.32777777 0.6111111  0.62222224 0.56388891 0.5472222  0.53611112
 0.53055555 0.44444445 0.48888889 0.44999999 0.45555556 0.44999999
 0.44166666 0.44166666 0.41944444 0.4861111  0.38333333 0.45555556
 0.46388888 0.44722223]"
test_acc_outer,6,"[0.70833331 0.78888887 0.86666667 0.8888889  0.88611114 0.89444447
 0.86388886 0.85833335 0.83611113 0.82499999 0.77222222 0.76666665
 0.7361111  0.7638889  0.69166666 0.68333334 0.6388889  0.58888888
 0.64722222 0.57499999 0.57222223 0.55555558 0.5777778  0.55833334
 0.51666665 0.51666665 0.55833334 0.52222222 0.53333336 0.2361111
 0.51111114 0.64722222 0.74444443 0.7638889  0.7638889  0.78055555
 0.74444443 0.69722223 0.68611109 0.65555555 0.63611114 0.62222224
 0.57222223 0.5777778  0.54166669 0.48888889 0.47222221 0.54444444
 0.50555557 0.5472222 ]"
test_acc_outer,7,"[0.67500001 0.76111114 0.81388891 0.86388886 0.88611114 0.86388886
 0.86944443 0.85277778 0.81944442 0.78333336 0.76111114 0.75
 0.7361111  0.70833331 0.69722223 0.7027778  0.70833331 0.65555555
 0.65277779 0.65833336 0.61944443 0.65277779 0.57499999 0.58888888
 0.63333333 0.51944447 0.61944443 0.56944442 0.54166669 0.5777778
 0.5472222  0.55833334 0.53611112 0.56388891 0.56666666 0.54166669
 0.47222221 0.55000001 0.52777779 0.57499999 0.52222222 0.52499998
 0.49444443 0.55833334 0.4861111  0.49444443 0.4611111  0.48333332
 0.50833333 0.08611111]"
test_acc_outer,8,"[0.71111113 0.83055556 0.84166664 0.84722221 0.85833335 0.85555553
 0.83055556 0.80277777 0.79166669 0.7638889  0.75555557 0.73888886
 0.70555556 0.70555556 0.68333334 0.66944444 0.68333334 0.64722222
 0.61666667 0.66944444 0.59444445 0.64999998 0.68333334 0.68333334
 0.64999998 0.63333333 0.60833335 0.58055556 0.50833333 0.54444444
 0.57222223 0.5472222  0.51666665 0.13611111 0.53611112 0.56666666
 0.60277778 0.52222222 0.54444444 0.53611112 0.50277776 0.50277776
 0.49166667 0.47222221 0.51666665 0.47777778 0.47777778 0.45277777
 0.47222221 0.47222221]"
test_acc_outer,9,"[0.79444444 0.82499999 0.86388886 0.86666667 0.8611111  0.85555553
 0.8611111  0.8277778  0.81944442 0.79444444 0.73333335 0.7361111
 0.75555557 0.73888886 0.64999998 0.71388888 0.66111112 0.63611114
 0.61944443 0.61388886 0.58055556 0.5777778  0.59166664 0.56944442
 0.55000001 0.58333331 0.58333331 0.55277777 0.5472222  0.5472222
 0.16388889 0.4861111  0.65555555 0.71666664 0.7361111  0.72500002
 0.72500002 0.69722223 0.65277779 0.65277779 0.65833336 0.65833336
 0.61944443 0.55555558 0.62222224 0.58888888 0.62222224 0.56944442
 0.55833334 0.52222222]"
loss_inner,0,"[1.51960957 0.9089601  0.50830126 0.35579467 0.32825002 0.32827532
 0.30255783 0.21264124 0.17412981 0.21565369 0.14894736 0.13721572
 0.09106411 0.08224709 0.08109318 0.0990755  0.06642131 0.09322096
 0.08183146 0.06555163 0.09821847 0.06213879 0.05062735 0.04973115
 0.10405975 0.04877278 0.08839469 0.07317651 0.02496487 0.02875097
 0.01980652 0.02686087 0.02359198 0.07911786 0.03596068 0.02322687
 0.03721255 0.07707901 0.04468256 0.01034496 0.02470871 0.02447921
 0.04377166 0.02112065 0.04447607 0.04833421 0.05328782 0.02614634
 0.01532562 0.04522224]"
loss_inner,1,"[1.58221936 0.86937875 0.57027632 0.34636799 0.34419993 0.28308776
 0.26225725 0.34742013 0.15863732 0.17221214 0.11656326 0.10197452
 0.19364896 0.12667017 0.12491579 0.15909617 0.05779824 0.03993863
 0.04216202 0.08631337 0.08308294 0.05183227 0.11242779 0.07917156
 0.04448753 0.08563629 0.03686997 0.02914209 0.0361535  0.072345
 0.04103562 0.03107866 0.0604852  0.04234612 0.01944939 0.02063515
 0.04260103 0.03189814 0.02489808 0.02782129 0.02882324 0.03670388
 0.02903586 0.02440909 0.01865209 0.01744381 0.05620845 0.01380594
 0.05477008 0.01905837]"
loss_inner,2,"[1.51326287 0.84847605 0.56042022 0.39643535 0.31385666 0.28011397
 0.1311285  0.18519278 0.11985209 0.11172476 0.20179024 0.13671194
 0.11752488 0.11457425 0.10872138 0.0802545  0.16380484 0.05800688
 0.05736512 0.08023863 0.07877716 0.04637045 0.03882646 0.12347323
 0.09263018 0.04431292 0.03697566 0.11532857 0.0775542  0.02691192
 0.11634108 0.02966907 0.0620508  0.02054459 0.03255725 0.04513697
 0.03403458 0.0376214  0.0273948  0.03780292 0.03398191 0.01983429
 0.01749449 0.01136382 0.05093998 0.0208523  0.0386314  0.03443761
 0.01546175 0.02336741]"
loss_inner,3,"[1.55165255 0.88606685 0.54977202 0.45000988 0.37139609 0.27124488
 0.35306978 0.2487442  0.28277028 0.25999463 0.14641102 0.25536892
 0.16726474 0.18916276 0.06167853 0.09834211 0.11858822 0.05316727
 0.236774   0.11374427 0.08313125 0.04558794 0.08241827 0.05078607
 0.06588852 0.08650304 0.06164791 0.0973421  0.02886459 0.03397018
 0.03366885 0.01638561 0.03222082 0.03320566 0.03583283 0.03566983
 0.02423906 0.03584558 0.04722119 0.0187019  0.03719325 0.01913313
 0.04232996 0.0200383  0.01824325 0.02227273 0.03007115 0.02149871
 0.03151621 0.02082659]"
loss_inner,4,"[1.50048625 0.84380537 0.49512443 0.45184773 0.33566841 0.21006303
 0.25331756 0.16235434 0.1384327  0.12916592 0.07340346 0.09787177
 0.08002927 0.16355263 0.07680549 0.09568011 0.10568462 0.06485651
 0.0340195  0.06043288 0.08437448 0.03485571 0.0337324  0.03348468
 0.08701982 0.07321429 0.02850711 0.04155304 0.08465772 0.04592957
 0.02413737 0.04273093 0.02699156 0.02266316 0.01864946 0.03321781
 0.02798741 0.02488468 0.02726731 0.01173722 0.01144395 0.01599412
 0.02352036 0.03163616 0.04218113 0.02753185 0.01841311 0.02409301
 0.03287771 0.0338783 ]"
loss_inner,5,"[1.64259017 0.98324245 0.50867015 0.3493565  0.32819304 0.25529954
 0.14837469 0.1298406  0.18803263 0.26620817 0.0953866  0.11991326
 0.0876987  0.12058678 0.11714974 0.10036455 0.1603239  0.04574167
 0.08243514 0.04502723 0.05174887 0.03035282 0.12434716 0.05459394
 0.05050799 0.03265452 0.05594674 0.0763011  0.05939405 0.05907873
 0.02387934 0.03437118 0.02115108 0.04835698 0.03357534 0.03400806
 0.02535595 0.02029577 0.05549232 0.06320719 0.02467282 0.01710022
 0.03663949 0.05002756 0.02102328 0.0175594  0.02893873 0.0340102
 0.01807857 0.03932478]"
loss_inner,6,"[1.51281309 0.80238158 0.60764974 0.30950254 0.29499909 0.17736296
 0.30758777 0.21189772 0.21171403 0.14683881 0.15460828 0.08629773
 0.10811541 0.16971752 0.16745554 0.09699625 0.10898335 0.0574535
 0.1072147  0.06298321 0.08898798 0.034378   0.03738276 0.04432076
 0.06456298 0.05058667 0.02922638 0.02806299 0.05428017 0.05904884
 0.04030532 0.05810386 0.05436213 0.03576879 0.04407289 0.02622306
 0.03769778 0.01973446 0.02997369 0.01918372 0.00812844 0.01251604
 0.02547544 0.04758942 0.04419392 0.01852648 0.03603496 0.0360371
 0.02178891 0.02762909]"
loss_inner,7,"[1.40451598 0.89093304 0.78295898 0.43267283 0.3807708  0.25486979
 0.23981906 0.23159023 0.17503075 0.18788478 0.1869048  0.1266481
 0.15078537 0.16115388 0.07169956 0.14583732 0.0828563  0.04511182
 0.08144436 0.07401368 0.0566142  0.07933278 0.0672141  0.04655643
 0.04205447 0.06096729 0.05460356 0.08262565 0.04359106 0.06629789
 0.07069863 0.06793699 0.06461257 0.050266   0.02456559 0.02637601
 0.0329977  0.01731008 0.01934831 0.0307355  0.02688091 0.02674075
 0.03420844 0.0498805  0.05489745 0.02712195 0.02322082 0.02667538
 0.02691216 0.02058442]"
loss_inner,8,"[1.50121057 0.88345653 0.46566716 0.32709116 0.34682146 0.28854203
 0.22310013 0.15433353 0.12921081 0.14618774 0.18017989 0.17463942
 0.16554548 0.06258069 0.10152353 0.13341539 0.10322011 0.13204899
 0.04253351 0.08600047 0.04452654 0.07126668 0.06658512 0.03504653
 0.06669609 0.02847783 0.09609325 0.04639754 0.02665152 0.06513969
 0.05496249 0.02540732 0.07364597 0.05993352 0.05062063 0.02261433
 0.03501326 0.03357473 0.04657948 0.08305527 0.03633711 0.04730586
 0.02058715 0.02183698 0.02454921 0.01651181 0.02636995 0.01336161
 0.0067865  0.04505425]"
loss_inner,9,"[1.68169057 0.91742003 0.52919954 0.44098938 0.27727848 0.38899592
 0.30941388 0.14666356 0.10162555 0.10711972 0.10624629 0.22314864
 0.14384879 0.08294712 0.11576574 0.0682519  0.10668109 0.12738529
 0.10962527 0.04556444 0.07744642 0.08535955 0.07520662 0.03995263
 0.03954674 0.02342101 0.05283246 0.03925973 0.05953631 0.10744889
 0.0387082  0.02875777 0.04475025 0.03096963 0.02686672 0.03545991
 0.03154295 0.02452766 0.01669337 0.02652453 0.02280285 0.02079254
 0.03731934 0.02019747 0.03601332 0.08332409 0.01683241 0.01977735
 0.03071385 0.06574448]"
train_acc_inner,0,"[0.83286905 0.89786446 0.92293406 0.94707519 0.95357472 0.96007431
 0.96657383 0.97121632 0.97400188 0.97678739 0.97864437 0.97957289
 0.9823584  0.9823584  0.98328692 0.98421544 0.98607242 0.98792946
 0.98792946 0.98792946 0.98885792 0.98885792 0.98978645 0.99257195
 0.99257195 0.99257195 0.99350047 0.99350047 0.99350047 0.99442899
 0.99442899 0.99442899 0.99535745 0.99535745 0.99535745 0.99535745
 0.99628597 0.99628597 0.9972145  0.9972145  0.9972145  0.9972145
 0.9972145  0.9972145  0.9972145  0.99814302 0.99814302 0.99814302
 0.99814302 0.99814302]"
train_acc_inner,1,"[0.81151348 0.88207984 0.92107707 0.94057566 0.95357472 0.95914578
 0.96285981 0.96657383 0.97585887 0.97957289 0.97957289 0.98142987
 0.98142987 0.9823584  0.98421544 0.98700094 0.98700094 0.98792946
 0.98978645 0.99071497 0.99164343 0.99257195 0.99257195 0.99257195
 0.99257195 0.99257195 0.99350047 0.99350047 0.99350047 0.99350047
 0.99350047 0.99442899 0.99628597 0.9972145  0.9972145  0.9972145
 0.9972145  0.9972145  0.9972145  0.9972145  0.9972145  0.99814302
 0.99814302 0.99814302 0.99814302 0.99814302 0.99814302 0.99907148
 0.99907148 0.99907148]"
train_acc_inner,2,"[0.79851437 0.89229339 0.92571962 0.94336116 0.95078921 0.95543176
 0.96100277 0.96843082 0.97307336 0.97585887 0.97771585 0.98142987
 0.9823584  0.98421544 0.9851439  0.9851439  0.9851439  0.98885792
 0.98885792 0.98885792 0.99071497 0.99350047 0.99350047 0.99350047
 0.99350047 0.99350047 0.99350047 0.99350047 0.99350047 0.99442899
 0.99442899 0.99350047 0.99535745 0.99535745 0.99535745 0.99535745
 0.99535745 0.99628597 0.99628597 0.99628597 0.9972145  0.9972145
 0.9972145  0.9972145  0.9972145  0.9972145  0.99814302 0.99814302
 0.99814302 0.99814302]"
train_acc_inner,3,"[0.80779946 0.86165273 0.91086352 0.93129063 0.94986075 0.95450324
 0.96378833 0.96843082 0.97214484 0.97214484 0.97493035 0.97864437
 0.97957289 0.9823584  0.9823584  0.98421544 0.98607242 0.98700094
 0.98978645 0.98978645 0.98978645 0.99164343 0.99164343 0.99164343
 0.99164343 0.99257195 0.99257195 0.99350047 0.99350047 0.99442899
 0.99442899 0.99535745 0.99535745 0.99628597 0.99628597 0.99628597
 0.99628597 0.99628597 0.9972145  0.9972145  0.9972145  0.9972145
 0.9972145  0.9972145  0.9972145  0.9972145  0.9972145  0.9972145
 0.99814302 0.99907148]"
train_acc_inner,4,"[0.81522751 0.87465179 0.91550606 0.9396472  0.95264626 0.95543176
 0.95914578 0.96657383 0.97028786 0.97585887 0.97957289 0.98142987
 0.9823584  0.98421544 0.98421544 0.98607242 0.98792946 0.98885792
 0.98978645 0.99164343 0.99164343 0.99164343 0.99164343 0.99164343
 0.99257195 0.99350047 0.99350047 0.99350047 0.99350047 0.99442899
 0.99535745 0.99535745 0.99628597 0.9972145  0.9972145  0.9972145
 0.9972145  0.9972145  0.9972145  0.9972145  0.9972145  0.9972145
 0.9972145  0.9972145  0.99814302 0.99814302 0.99814302 0.99814302
 0.99814302 0.99814302]"
train_acc_inner,5,"[0.85051066 0.90250695 0.92386258 0.93871868 0.94336116 0.95450324
 0.96471679 0.96843082 0.97400188 0.97585887 0.97771585 0.97864437
 0.98142987 0.98142987 0.98142987 0.98142987 0.9823584  0.9851439
 0.9851439  0.98607242 0.98978645 0.99071497 0.99164343 0.99164343
 0.99164343 0.99350047 0.99350047 0.99442899 0.99442899 0.99442899
 0.99535745 0.99628597 0.99628597 0.9972145  0.9972145  0.9972145
 0.9972145  0.9972145  0.9972145  0.9972145  0.9972145  0.9972145
 0.9972145  0.9972145  0.9972145  0.9972145  0.9972145  0.9972145
 0.99907148 0.99907148]"
train_acc_inner,6,"[0.80965644 0.88115132 0.92664808 0.93686163 0.94986075 0.95914578
 0.9675023  0.97214484 0.97678739 0.97864437 0.97957289 0.98050141
 0.98328692 0.9851439  0.9851439  0.98607242 0.98700094 0.98885792
 0.99071497 0.99071497 0.99164343 0.99257195 0.99257195 0.99257195
 0.99350047 0.99350047 0.99350047 0.99350047 0.99442899 0.99535745
 0.99535745 0.99535745 0.99535745 0.99535745 0.99535745 0.99628597
 0.99628597 0.9972145  0.9972145  0.9972145  0.9972145  0.9972145
 0.9972145  0.99814302 0.99814302 0.99814302 0.99814302 0.99814302
 0.99814302 0.99814302]"
train_acc_inner,7,"[0.81987    0.90436399 0.93314761 0.94428968 0.95078921 0.95728874
 0.96471679 0.96657383 0.97121632 0.97307336 0.97585887 0.97957289
 0.98050141 0.98050141 0.9823584  0.98421544 0.98700094 0.98792946
 0.98792946 0.98885792 0.98978645 0.98978645 0.99071497 0.99164343
 0.99350047 0.99350047 0.99350047 0.99350047 0.99350047 0.99535745
 0.99535745 0.99628597 0.99628597 0.99628597 0.99628597 0.9972145
 0.9972145  0.9972145  0.9972145  0.99814302 0.99814302 0.99814302
 0.99814302 0.99814302 0.99814302 0.99907148 0.99907148 0.99907148
 0.99907148 0.99907148]"
train_acc_inner,8,"[0.84493965 0.90064996 0.92571962 0.94057566 0.94707519 0.95914578
 0.96471679 0.97121632 0.97585887 0.97957289 0.98142987 0.98328692
 0.98328692 0.98421544 0.98700094 0.98700094 0.98700094 0.98700094
 0.98792946 0.99164343 0.99164343 0.99164343 0.99257195 0.99257195
 0.99350047 0.99350047 0.99442899 0.99535745 0.99535745 0.99535745
 0.99628597 0.99628597 0.99628597 0.9972145  0.9972145  0.9972145
 0.9972145  0.9972145  0.9972145  0.9972145  0.9972145  0.9972145
 0.9972145  0.9972145  0.9972145  0.9972145  0.9972145  0.9972145
 0.9972145  0.9972145 ]"
train_acc_inner,9,"[0.80501395 0.88300836 0.92014855 0.94614673 0.95264626 0.95728874
 0.96285981 0.9675023  0.97028786 0.97400188 0.97585887 0.98142987
 0.98421544 0.98607242 0.98607242 0.98607242 0.98700094 0.98885792
 0.98978645 0.98978645 0.99071497 0.99164343 0.99164343 0.99164343
 0.99350047 0.99442899 0.99442899 0.99442899 0.99535745 0.99535745
 0.99535745 0.99535745 0.99535745 0.99535745 0.99535745 0.99535745
 0.99535745 0.9972145  0.9972145  0.9972145  0.9972145  0.9972145
 0.99814302 0.99814302 0.99907148 0.99907148 0.99907148 0.99907148
 0.99907148 0.99907148]"
val_acc_inner,0,"[0.82222223 0.875      0.91111112 0.91944444 0.93055558 0.94444442
 0.95555556 0.95555556 0.95833331 0.96111113 0.96388888 0.96666664
 0.96388888 0.96388888 0.96666664 0.96666664 0.96666664 0.96944445
 0.96944445 0.96944445 0.96944445 0.96944445 0.96944445 0.96944445
 0.96944445 0.96944445 0.97222221 0.97222221 0.97222221 0.97222221
 0.97500002 0.97500002 0.97777778 0.97500002 0.97500002 0.97500002
 0.97500002 0.97777778 0.97500002 0.97500002 0.97777778 0.98333335
 0.98333335 0.98333335 0.98333335 0.98333335 0.98333335 0.98333335
 0.98333335 0.98333335]"
val_acc_inner,1,"[0.80555558 0.86388886 0.89722222 0.92777777 0.92777777 0.93333334
 0.94166666 0.93888891 0.94444442 0.94722223 0.9527778  0.9527778
 0.95555556 0.95555556 0.95555556 0.96111113 0.96111113 0.96666664
 0.96666664 0.96666664 0.96666664 0.96666664 0.96944445 0.96944445
 0.96944445 0.96666664 0.96944445 0.96944445 0.96944445 0.96944445
 0.96944445 0.96944445 0.96944445 0.96944445 0.96944445 0.97222221
 0.97222221 0.97222221 0.97500002 0.97500002 0.97500002 0.97500002
 0.97500002 0.97500002 0.97777778 0.97777778 0.97777778 0.97777778
 0.97777778 0.97777778]"
val_acc_inner,2,"[0.76944447 0.86666667 0.89722222 0.91388887 0.9222222  0.92500001
 0.93055558 0.94166666 0.9527778  0.95833331 0.96388888 0.96388888
 0.96666664 0.96666664 0.96944445 0.96944445 0.96666664 0.96666664
 0.96666664 0.96944445 0.96944445 0.96944445 0.96944445 0.96944445
 0.96944445 0.96944445 0.96944445 0.96944445 0.96944445 0.96944445
 0.97500002 0.97500002 0.97222221 0.97500002 0.97500002 0.97500002
 0.97500002 0.97500002 0.97500002 0.97500002 0.97500002 0.97500002
 0.97500002 0.97500002 0.97500002 0.97500002 0.97500002 0.97500002
 0.97500002 0.97500002]"
val_acc_inner,3,"[0.80555558 0.85000002 0.88333333 0.90833336 0.92777777 0.94166666
 0.94999999 0.9527778  0.95833331 0.95555556 0.95555556 0.95555556
 0.95555556 0.9527778  0.9527778  0.96111113 0.96666664 0.96666664
 0.96666664 0.96666664 0.96944445 0.96944445 0.96666664 0.96666664
 0.96666664 0.96666664 0.96944445 0.96944445 0.97500002 0.97500002
 0.97500002 0.97500002 0.97500002 0.97500002 0.97500002 0.97500002
 0.97500002 0.97500002 0.97500002 0.97500002 0.97500002 0.97500002
 0.97500002 0.97500002 0.97500002 0.97500002 0.97500002 0.97777778
 0.97777778 0.97777778]"
val_acc_inner,4,"[0.80277777 0.85000002 0.89166665 0.91111112 0.92777777 0.93055558
 0.93333334 0.94444442 0.94999999 0.94999999 0.9527778  0.95555556
 0.95833331 0.95555556 0.95555556 0.95555556 0.95833331 0.95833331
 0.96111113 0.96111113 0.96111113 0.96111113 0.96111113 0.96111113
 0.96111113 0.96111113 0.95833331 0.96388888 0.96111113 0.96111113
 0.96111113 0.96388888 0.96388888 0.96111113 0.96111113 0.96388888
 0.96388888 0.96388888 0.96388888 0.96388888 0.96388888 0.96388888
 0.96388888 0.96388888 0.96388888 0.96666664 0.96388888 0.96666664
 0.96388888 0.96388888]"
val_acc_inner,5,"[0.85555553 0.8888889  0.90833336 0.91666669 0.9222222  0.93055558
 0.93888891 0.94166666 0.94722223 0.94722223 0.94999999 0.95555556
 0.9527778  0.95555556 0.95555556 0.95833331 0.95833331 0.96111113
 0.96388888 0.96388888 0.96944445 0.96666664 0.96944445 0.96944445
 0.97500002 0.97500002 0.97777778 0.97777778 0.97777778 0.97777778
 0.97777778 0.97777778 0.97777778 0.97777778 0.97777778 0.97500002
 0.97500002 0.97500002 0.97500002 0.97500002 0.97500002 0.97500002
 0.97500002 0.97500002 0.97500002 0.97500002 0.97500002 0.97500002
 0.97500002 0.97500002]"
val_acc_inner,6,"[0.78055555 0.85555553 0.8888889  0.91111112 0.9222222  0.93611109
 0.94722223 0.94722223 0.94999999 0.9527778  0.95833331 0.95833331
 0.96111113 0.95833331 0.95833331 0.96111113 0.95833331 0.96111113
 0.96388888 0.96111113 0.96111113 0.96388888 0.96388888 0.96666664
 0.96666664 0.96944445 0.97222221 0.97500002 0.97500002 0.97500002
 0.97777778 0.97500002 0.97500002 0.97500002 0.97500002 0.97777778
 0.97777778 0.97777778 0.97777778 0.98055553 0.98055553 0.98333335
 0.98333335 0.98333335 0.98055553 0.98333335 0.98333335 0.98333335
 0.98333335 0.98333335]"
val_acc_inner,7,"[0.80555558 0.88055557 0.91111112 0.92777777 0.9222222  0.92777777
 0.94722223 0.95833331 0.95833331 0.95555556 0.95555556 0.95555556
 0.95833331 0.95833331 0.95833331 0.96111113 0.95833331 0.96111113
 0.96111113 0.96111113 0.96111113 0.96388888 0.96388888 0.96388888
 0.96388888 0.96388888 0.96388888 0.96388888 0.96666664 0.96666664
 0.96666664 0.96666664 0.96666664 0.96666664 0.96666664 0.96666664
 0.96666664 0.96666664 0.96666664 0.96666664 0.96944445 0.96944445
 0.96944445 0.96944445 0.96944445 0.96944445 0.96944445 0.96944445
 0.96944445 0.96944445]"
val_acc_inner,8,"[0.84444445 0.87222224 0.89444447 0.90555555 0.9222222  0.93333334
 0.94166666 0.94722223 0.94999999 0.9527778  0.95555556 0.95555556
 0.95833331 0.95833331 0.95833331 0.95833331 0.95833331 0.95833331
 0.95833331 0.95833331 0.96111113 0.96111113 0.96111113 0.96111113
 0.96388888 0.96666664 0.96944445 0.96944445 0.96944445 0.96944445
 0.96666664 0.96666664 0.96666664 0.96944445 0.96944445 0.96944445
 0.96944445 0.96944445 0.96944445 0.96944445 0.96944445 0.96944445
 0.96944445 0.96944445 0.96944445 0.96944445 0.96944445 0.96944445
 0.96944445 0.96944445]"
val_acc_inner,9,"[0.78055555 0.85555553 0.88333333 0.91111112 0.91944444 0.9222222
 0.93055558 0.93055558 0.93611109 0.93888891 0.9527778  0.95555556
 0.95555556 0.95555556 0.95833331 0.95555556 0.95555556 0.95833331
 0.95833331 0.95833331 0.96111113 0.96111113 0.96111113 0.96388888
 0.96388888 0.96388888 0.96111113 0.96111113 0.96388888 0.96666664
 0.96666664 0.96666664 0.96666664 0.96666664 0.96666664 0.96666664
 0.96666664 0.96666664 0.96666664 0.96666664 0.96666664 0.96666664
 0.96666664 0.96666664 0.96666664 0.96666664 0.96666664 0.96666664
 0.96666664 0.96666664]"
test_acc_inner,0,"[0.8277778  0.88055557 0.89999998 0.91666669 0.9222222  0.93333334
 0.93333334 0.93888891 0.93888891 0.9527778  0.95555556 0.96388888
 0.96388888 0.96388888 0.96388888 0.96666664 0.96944445 0.96944445
 0.96944445 0.96944445 0.96944445 0.96944445 0.96944445 0.96944445
 0.96944445 0.96944445 0.96944445 0.96944445 0.96944445 0.96944445
 0.96944445 0.96944445 0.97222221 0.97222221 0.97222221 0.97222221
 0.97222221 0.97222221 0.97222221 0.97222221 0.97222221 0.97222221
 0.97222221 0.97222221 0.97222221 0.97222221 0.97222221 0.97222221
 0.97222221 0.97222221]"
test_acc_inner,1,"[0.79444444 0.88055557 0.90833336 0.92777777 0.92777777 0.94166666
 0.94999999 0.9527778  0.95555556 0.95833331 0.95833331 0.96388888
 0.96944445 0.96944445 0.96944445 0.96944445 0.96944445 0.96944445
 0.96944445 0.96944445 0.96944445 0.96944445 0.96944445 0.96944445
 0.96944445 0.96944445 0.96944445 0.96944445 0.96944445 0.96944445
 0.96944445 0.96944445 0.96944445 0.96944445 0.96944445 0.96944445
 0.96944445 0.96944445 0.96944445 0.96944445 0.96944445 0.96944445
 0.96944445 0.96944445 0.96944445 0.96944445 0.97222221 0.97222221
 0.97222221 0.97222221]"
test_acc_inner,2,"[0.79166669 0.88333333 0.9222222  0.92777777 0.93055558 0.93888891
 0.94999999 0.95555556 0.96111113 0.96388888 0.96111113 0.96944445
 0.96666664 0.96666664 0.96944445 0.96944445 0.96944445 0.96944445
 0.96944445 0.96944445 0.96944445 0.96944445 0.96944445 0.96944445
 0.96944445 0.96666664 0.97222221 0.97222221 0.96944445 0.96944445
 0.96666664 0.96666664 0.96666664 0.96666664 0.96666664 0.96666664
 0.96666664 0.96666664 0.96666664 0.96666664 0.96666664 0.96666664
 0.96666664 0.96666664 0.96666664 0.96666664 0.96666664 0.96666664
 0.96666664 0.96666664]"
test_acc_inner,3,"[0.78611112 0.84166664 0.87777776 0.89999998 0.92777777 0.93611109
 0.93888891 0.94999999 0.95833331 0.96388888 0.96666664 0.96388888
 0.96111113 0.96111113 0.96111113 0.96388888 0.96666664 0.96666664
 0.96666664 0.96944445 0.96666664 0.96666664 0.96666664 0.96666664
 0.96666664 0.96666664 0.96666664 0.96666664 0.96666664 0.96944445
 0.96944445 0.96944445 0.96944445 0.96944445 0.96944445 0.96944445
 0.96944445 0.96944445 0.96944445 0.96944445 0.96944445 0.96944445
 0.96944445 0.96944445 0.96944445 0.96944445 0.96944445 0.96944445
 0.96944445 0.96944445]"
test_acc_inner,4,"[0.81111109 0.87777776 0.90277779 0.91944444 0.93333334 0.93611109
 0.93888891 0.93888891 0.94999999 0.94999999 0.95555556 0.96388888
 0.96666664 0.96944445 0.96666664 0.96944445 0.96944445 0.96944445
 0.96944445 0.96944445 0.96944445 0.96944445 0.96944445 0.96944445
 0.96944445 0.96944445 0.96944445 0.96944445 0.96944445 0.96944445
 0.96944445 0.96944445 0.97222221 0.97222221 0.97222221 0.97222221
 0.97222221 0.97222221 0.97222221 0.97222221 0.97222221 0.97222221
 0.97222221 0.97222221 0.97222221 0.97222221 0.97222221 0.97222221
 0.97222221 0.97222221]"
test_acc_inner,5,"[0.85277778 0.89166665 0.90555555 0.91666669 0.92500001 0.93055558
 0.93611109 0.94444442 0.95555556 0.95555556 0.96388888 0.96666664
 0.96666664 0.96666664 0.96388888 0.96388888 0.96388888 0.96388888
 0.96388888 0.96388888 0.96388888 0.96666664 0.96666664 0.96666664
 0.96666664 0.96666664 0.96666664 0.96666664 0.96666664 0.96666664
 0.96944445 0.96944445 0.96944445 0.96944445 0.96944445 0.96944445
 0.96666664 0.96666664 0.96666664 0.96666664 0.96666664 0.96666664
 0.96666664 0.96666664 0.96666664 0.96666664 0.96666664 0.96666664
 0.96666664 0.96666664]"
test_acc_inner,6,"[0.83333331 0.88333333 0.91388887 0.92500001 0.93055558 0.94166666
 0.96111113 0.96111113 0.96111113 0.96111113 0.96666664 0.96666664
 0.96666664 0.96944445 0.96944445 0.96944445 0.96944445 0.96944445
 0.96944445 0.96944445 0.96944445 0.96944445 0.96944445 0.96944445
 0.96944445 0.96944445 0.97222221 0.97222221 0.97222221 0.97222221
 0.97222221 0.96944445 0.96944445 0.96944445 0.96944445 0.96944445
 0.96944445 0.96944445 0.96944445 0.96944445 0.96944445 0.96944445
 0.96944445 0.96944445 0.96944445 0.96944445 0.96944445 0.96944445
 0.96944445 0.96944445]"
test_acc_inner,7,"[0.81666666 0.88611114 0.91666669 0.93333334 0.93888891 0.94722223
 0.94722223 0.94722223 0.94722223 0.95555556 0.9527778  0.95555556
 0.95833331 0.96666664 0.96111113 0.96666664 0.96666664 0.96666664
 0.96944445 0.96944445 0.96944445 0.96944445 0.96944445 0.96944445
 0.96944445 0.96944445 0.96944445 0.96944445 0.96944445 0.96944445
 0.96944445 0.96944445 0.96944445 0.96944445 0.96944445 0.96944445
 0.96944445 0.96944445 0.96944445 0.97222221 0.97222221 0.97222221
 0.97222221 0.97222221 0.97222221 0.97222221 0.97222221 0.97222221
 0.97222221 0.97222221]"
test_acc_inner,8,"[0.83888888 0.88055557 0.90833336 0.92500001 0.91944444 0.92500001
 0.93888891 0.94166666 0.94722223 0.95555556 0.95833331 0.96388888
 0.96388888 0.96388888 0.96388888 0.96388888 0.96944445 0.96944445
 0.96666664 0.96666664 0.96666664 0.96666664 0.96666664 0.96666664
 0.96944445 0.96944445 0.96944445 0.96944445 0.96944445 0.96944445
 0.96944445 0.96944445 0.96944445 0.96944445 0.96944445 0.96944445
 0.96944445 0.96944445 0.96944445 0.96944445 0.96944445 0.96944445
 0.96944445 0.96944445 0.96944445 0.96944445 0.96944445 0.96944445
 0.96944445 0.96944445]"
test_acc_inner,9,"[0.81944442 0.875      0.90555555 0.92500001 0.93055558 0.93333334
 0.94166666 0.94999999 0.95555556 0.95833331 0.96666664 0.96666664
 0.96666664 0.96666664 0.96666664 0.96666664 0.96388888 0.96666664
 0.96666664 0.96666664 0.96666664 0.96666664 0.96666664 0.96666664
 0.96388888 0.96666664 0.96666664 0.96388888 0.96944445 0.96944445
 0.96666664 0.96666664 0.96944445 0.96944445 0.96944445 0.97222221
 0.97222221 0.97222221 0.97222221 0.97222221 0.97222221 0.97222221
 0.97222221 0.97222221 0.97222221 0.97222221 0.97222221 0.97222221
 0.97222221 0.97222221]"
time,0,"[0.05023003 0.08358407 0.113168   0.14221501 0.17264795 0.20370913
 0.23291707 0.26103091 0.29117608 0.32168007 0.34905815 0.37711215
 0.40612197 0.43223    0.46210217 0.49047995 0.51920009 0.54667401
 0.57572317 0.603477   0.63196397 0.65958619 0.69017196 0.7210319
 0.75000715 0.78263998 0.87526798 0.90482593 0.93303299 0.95953703
 0.98548007 1.01518703 1.0427978  1.07220101 1.10202503 1.12855005
 1.15815616 1.19001603 1.21908784 1.24822521 1.27718687 1.3094008
 1.33927989 1.36820793 1.39552689 1.42482901 1.45118022 1.54432797
 1.5734899  1.60286593]"
time,1,"[0.03038001 0.06271505 0.09277892 0.12187696 0.15019202 0.18323803
 0.21295881 0.24862409 0.28577614 0.31494904 0.3428731  0.37323093
 0.40241599 0.43167305 0.45884204 0.48829293 0.516078   0.5455668
 0.57446074 0.60313392 0.62995982 0.65719295 0.68443418 0.71409822
 0.75025296 0.77951312 0.80981708 0.83841896 0.86644292 0.89377999
 0.92000699 0.94962406 0.97832489 1.00709486 1.03547001 1.06601787
 1.09469414 1.12105489 1.14905381 1.17706585 1.20698094 1.23659897
 1.26462197 1.29486299 1.32453299 1.35424209 1.38345909 1.41051483
 1.43982601 1.46988297]"
time,2,"[0.02735114 0.05557013 0.08405113 0.11132002 0.14322829 0.1711452
 0.19946814 0.22771502 0.2553792  0.28239107 0.31153297 0.34310126
 0.37396312 0.40288115 0.43023992 0.45910907 0.48851705 0.51937032
 0.54815936 0.57524228 0.60585809 0.6382432  0.66544914 0.69545531
 0.73056197 0.75998521 0.78930402 0.81752229 0.84495521 0.87094927
 0.89889932 0.92665315 0.95424199 0.98313332 1.01172805 1.04075313
 1.07060122 1.10010004 1.13084316 1.15979123 1.18995214 1.21894813
 1.24716735 1.27709222 1.30401111 1.33113599 1.3585062  1.38626623
 1.41487098 1.4438982 ]"
time,3,"[0.02644992 0.05615401 0.08532    0.11682415 0.14356613 0.17381191
 0.20045209 0.22871399 0.25813198 0.28879595 0.3188889  0.34771395
 0.37602401 0.4116528  0.43916297 0.46845198 0.49492717 0.52247405
 0.54919696 0.57794881 0.60736108 0.63591981 0.66279101 0.6898098
 0.717134   0.74426484 0.77221298 0.80382395 0.83238888 0.86240005
 0.88947988 0.91776991 0.94953704 0.97652197 1.00580192 1.03504419
 1.06641006 1.1014688  1.12885594 1.15918112 1.19042087 1.217803
 1.24458814 1.27326703 1.30361605 1.33338284 1.36321306 1.391083
 1.42117095 1.44956017]"
time,4,"[0.02989173 0.0567739  0.08648705 0.116853   0.14524078 0.17477775
 0.20630693 0.23376894 0.26329398 0.29188395 0.31996703 0.34864688
 0.37802482 0.40569282 0.43493986 0.46595979 0.49322295 0.52021503
 0.55104995 0.57976794 0.60755777 0.63626194 0.66473913 0.6939919
 0.72266603 0.75342393 0.78262186 0.81053376 0.84127283 0.87205672
 0.904387   0.93341994 0.9650979  0.99282408 1.02238894 1.05029893
 1.08132505 1.11113381 1.14065194 1.1704278  1.20039487 1.22627592
 1.25341392 1.28178883 1.31206608 1.33986306 1.36809707 1.39797401
 1.42725205 1.454391  ]"
time,5,"[0.02950096 0.05984998 0.09113288 0.118505   0.14909482 0.17856693
 0.20709395 0.23475695 0.26301575 0.28958106 0.32082605 0.35189986
 0.38245988 0.41264105 0.44402885 0.47419    0.50158477 0.52950692
 0.5593729  0.58911681 0.61533594 0.64514613 0.67497897 0.70330906
 0.73139715 0.76114988 0.78754306 0.81591487 0.84657502 0.87455988
 0.90667105 0.93454194 0.96280599 0.98886895 1.01489687 1.04733109
 1.07427979 1.10580087 1.13379693 1.16556787 1.19564986 1.22429109
 1.2530489  1.28173494 1.31132889 1.34242892 1.37263513 1.40200591
 1.43055511 1.46036983]"
time,6,"[0.02833605 0.05636406 0.085356   0.11273813 0.14040184 0.16821098
 0.19707012 0.22455812 0.25255704 0.28125215 0.30857301 0.33801603
 0.36905217 0.39678311 0.42890501 0.4581821  0.48586607 0.51433015
 0.54135609 0.56762505 0.59578204 0.62397408 0.65606809 0.68383408
 0.71352196 0.74296713 0.77257895 0.80110908 0.82934809 0.86046195
 0.88896608 0.92192006 0.95133805 0.98143315 1.01207709 1.0395751
 1.06992793 1.09916902 1.12807298 1.15604305 1.18489385 1.21572709
 1.24327707 1.26946712 1.29842615 1.32734585 1.35433602 1.38143682
 1.41070104 1.43907499]"
time,7,"[0.02523899 0.05502486 0.08675885 0.11434507 0.14507389 0.17291188
 0.19969797 0.22644496 0.25352287 0.28091693 0.30794191 0.33864808
 0.36675787 0.39703083 0.42564297 0.45828104 0.49003696 0.51933599
 0.54840803 0.58048415 0.61101604 0.63997388 0.66888714 0.69711113
 0.72480583 0.75415993 0.78176785 0.81090093 0.83878613 0.8687439
 0.89743304 0.92738008 0.95986414 0.987391   1.01504111 1.04374194
 1.07304096 1.10380697 1.13195705 1.16013217 1.19165707 1.21835399
 1.24857903 1.27706909 1.30644298 1.33623099 1.36227608 1.39274693
 1.420578   1.44802499]"
time,8,"[0.030936   0.06198502 0.09231806 0.12344003 0.15198898 0.17988896
 0.21045518 0.24174404 0.27015615 0.30001307 0.32652283 0.35254622
 0.37983012 0.40691686 0.43688297 0.46690106 0.49601316 0.52351904
 0.55128098 0.57803512 0.60512495 0.63222408 0.66009808 0.6859479
 0.71245384 0.73872304 0.76467896 0.79217005 0.81835508 0.84632802
 0.87302995 0.90036607 0.92617202 0.95404911 0.98021197 1.0079608
 1.03696203 1.06749797 1.09808803 1.12710094 1.15592504 1.18204093
 1.20790792 1.23616004 1.263412   1.2904191  1.31806302 1.34534717
 1.372962   1.40184903]"
time,9,"[0.02724385 0.05662799 0.08547091 0.11263371 0.13878989 0.16503811
 0.19376993 0.22243404 0.25161076 0.28145194 0.30912304 0.33541775
 0.36271477 0.38957286 0.41688395 0.44419503 0.47047186 0.49777293
 0.52510476 0.55182385 0.57969999 0.60760093 0.63714576 0.66832089
 0.69857287 0.72929001 0.75777102 0.78380489 0.81180477 0.83793306
 0.86393905 0.89162803 0.91856694 0.94506598 0.97380781 1.00121498
 1.02807498 1.0583899  1.08449101 1.11261892 1.14068508 1.16939187
 1.196172   1.2225759  1.25052094 1.27917004 1.30755877 1.33672285
 1.36368775 1.38947296]"
